Name,Set,Quantity
Abandon Hope,Tempest,2
Abjure,Weatherlight,6
Absolute Grace,Urza's Saga,1
Absolute Law,Urza's Saga,1
Abundance,Urza's Saga,1
Abyssal Gatekeeper,Weatherlight,5
Abyssal Horror,Urza's Saga,1
Abyssal Hunter,Mirage,1
Academy Researchers,Urza's Saga,1
Acidic Dagger,Mirage,1
Acidic Sliver,Stronghold,1
Acidic Soil,Urza's Saga,1
Acridian,Urza's Saga,1
Adarkar Unicorn,Ice Age,1
Advance Scout,Tempest,5
Aesthir Glider (B),Alliances,1
Aether Tide,Exodus,7
Afiya Grove,Mirage,1
Afterlife,Mirage,1
Aftershock,Tempest,2
Agility,Mirage,7
Alabaster Potion,Fourth Edition,1
Alarum,Mirage,8
Albino Troll,Urza's Saga,1
Aleatory,Mirage,1
Aliban's Tower (B),Homelands,2
Allay,Exodus,7
Alluring Scent,Portal,1
Alms,Weatherlight,5
Altar of Dementia,Tempest,1
Aluren,Tempest,1
Amber Prison,Mirage,1
Ambush Party (A),Homelands,1
Ambush Party (B),Homelands,1
Amok,Stronghold,1
Amulet of Kroog,Fifth Edition,1
Amulet of Kroog,Fourth Edition,1
Amulet of Unmaking,Mirage,1
An-Havva Township,Homelands,1
Anaba Shaman (A),Homelands,1
Anaba Shaman (B),Homelands,1
Anaconda (A),Portal,1
Anaconda,Urza's Saga,1
Anarchist,Exodus,7
Ancestral Mask,Mercadian Masques,3
Ancestral Memories,Mirage,1
Ancestral Memories,Portal,1
Ancient Runes,Tempest,1
Ancient Tomb,Tempest,1
Angelic Blessing,Exodus,6
Angelic Blessing,Portal,1
Angelic Chorus,Urza's Saga,1
Angelic Curator,Urza's Legacy,1
Angelic Page,Eighth Edition,2
Angelic Page,Urza's Saga,4
Angelic Protector,Tempest,2
Angelic Renewal,Weatherlight,6
Annul,Urza's Saga,1
Anoint,Tempest,3
Antagonism,Urza's Saga,1
Apathy,Weatherlight,7
Apes of Rath,Tempest,1
Apocalypse,Tempest,1
Arc Lightning,Urza's Saga,4
Arcane Laboratory,Urza's Saga,1
Arcbound Worker,Darksteel,1
Arctic Wolves,Weatherlight,1
Arcum's Whistle,Ice Age,1
Ardent Militia,Weatherlight,1
Arenson's Aura,Fifth Edition,1
Argothian Elder,Urza's Saga,1
Argothian Enchantress,Urza's Saga,1
Argothian Swine,Urza's Saga,4
Argothian Wurm,Urza's Saga,1
Armor of Thorns,Mirage,6
Armor Sliver,Tempest,1
Armor Thrull (Spencer),Fallen Empires,1
Armor Thrull (Venters),Fallen Empires,1
Armored Pegasus,Portal,1
Armored Pegasus,Tempest,4
Armorer Guildmage,Mirage,6
Arrogant Vampire,Portal,1
Ashen Powder,Mirage,1
"Asmira, Holy Avenger",Mirage,1
Assassin's Blade,Portal,4
Attunement,Urza's Saga,1
Auratog,Tempest,1
Aurochs,Ice Age,1
Auspicious Ancestor,Mirage,1
Avenging Angel,Tempest,1
Avenging Druid,Exodus,4
Awakening,Stronghold,1
Awesome Presence (A),Alliances,1
Azimaet Drake,Mirage,4
B.F.M. (Big Furry Monster) (Left),Unglued,1
B.F.M. (Big Furry Monster) (Right),Unglued,1
Back to Basics,Urza's Saga,1
Bad River,Mirage,1
Balance of Power,Portal,1
Baleful Stare,Portal,2
Bandage,Stronghold,6
Barbed Foliage,Mirage,1
Barbed Sextant,Fifth Edition,1
Barbed Sliver,Tempest,1
Barbed-Back Wurm,Mirage,1
Baron Sengir,Homelands,1
Barreling Attack,Mirage,1
Barrin's Codex,Urza's Saga,1
"Barrin, Master Wizard",Urza's Saga,1
Barrow Ghoul,Weatherlight,1
Basalt Golem,Mirage,2
Basalt Monolith,Revised Edition,1
Battering Ram,Fourth Edition,2
Bay Falcon,Mirage,8
Bayou Dragonfly,Tempest,3
Bazaar of Wonders,Mirage,1
Bedlam,Urza's Saga,1
Bee Sting,Portal,3
Befoul,Urza's Saga,1
Bellowing Fiend,Tempest,1
Benalish Hero,Fifth Edition,1
Benalish Hero,Fourth Edition,2
Benalish Infantry,Weatherlight,5
Benalish Knight,Weatherlight,1
Benalish Missionary,Weatherlight,2
Benevolent Unicorn,Mirage,7
Benthic Behemoth,Tempest,1
Benthic Djinn,Mirage,1
Benthic Explorers (A),Alliances,1
Bequeathal,Exodus,8
Bereavement,Urza's Saga,1
Betrayal,Visions,4
Betrothed of Fire,Weatherlight,5
Binding Agony,Mirage,2
Bird Maiden,Fifth Edition,1
Black Knight,Fourth Edition,1
Blanchwood Armor,Urza's Saga,1
Blanchwood Treefolk,Urza's Saga,1
Blasted Landscape,Urza's Saga,1
Blighted Shaman,Mirage,1
Blind Fury,Mirage,1
Blinding Light,Mirage,1
Blistering Barrier,Mirage,5
Blood Frenzy,Tempest,1
Blood Pet,Tempest,1
Blood Vassal,Urza's Saga,1
Bloodrock Cyclops,Weatherlight,5
Blossoming Wreath,Weatherlight,5
Blue Elemental Blast,Fourth Edition,1
Blue Elemental Blast,Revised Edition,2
Blue Ward,Fourth Edition,1
Bog Imp,Fifth Edition,1
Bog Imp,Fourth Edition,1
Bog Imp,Portal,3
Bog Raiders,Portal,4
Bog Raiders,Urza's Saga,3
Bog Rats,The Dark,1
Bog Wraith,Portal,1
Bogardan Firefiend,Weatherlight,5
Boil,Tempest,1
Boiling Blood,Weatherlight,5
Boiling Seas,Portal,1
Bone Harvest,Mirage,5
Bone Mask,Mirage,1
Bone Shaman,Ice Age,1
Booby Trap,Tempest,1
Boomerang,Chronicles,1
Boomerang,Mirage,1
Border Guard,Portal,7
Bottle Gnomes,Tempest,1
Bottomless Pit,Stronghold,1
Bounty Hunter,Tempest,1
Brainwash,The Dark,1
Brand,Urza's Saga,1
Brassclaw Orcs (A),Fallen Empires,1
Brassclaw Orcs,Fifth Edition,1
Bravado,Urza's Saga,1
Breach,Urza's Saga,5
Breath of Life,Portal,2
Breathstealer,Mirage,5
Breezekeeper,Visions,5
Briar Shield,Weatherlight,5
Brilliant Halo,Urza's Saga,4
Broken Fall,Tempest,1
Brothers of Fire,Fifth Edition,2
Brothers of Fire,Fourth Edition,1
Brush with Death,Stronghold,6
Brushwagg,Mirage,1
Builder's Bane,Mirage,7
Bull Elephant,Visions,7
Bull Hippo,Portal,2
Bull Hippo,Urza's Saga,1
Bullwhip,Stronghold,1
Bulwark,Urza's Saga,1
Burgeoning,Stronghold,1
Burning Cloak,Portal,2
Burning Palm Efreet,Mirage,1
Burning Shield Askari,Mirage,4
Burrowing,Fourth Edition,1
Cackling Fiend,Urza's Saga,1
Cadaverous Bloom,Mirage,1
Cadaverous Knight,Mirage,4
Caldera Lake,Tempest,1
Calming Licid,Stronghold,1
Cannibalize,Stronghold,4
Canopy Dragon,Mirage,1
Canopy Spider,Tempest,6
Canyon Drake,Tempest,1
Canyon Wildcat,Tempest,4
Capsize,Tempest,1
Carnassid,Stronghold,1
Carnivorous Plant,Fourth Edition,2
Carnivorous Plant,The Dark,1
Carnophage,Exodus,3
Carpet of Flowers,Urza's Saga,1
Carrier Pigeons (A),Alliances,1
Carrion Beetles,Urza's Saga,3
Carrion,Mirage,1
Carrionette,Tempest,1
Cartographer,Exodus,1
Casting of Bones (B),Alliances,1
Cat Burglar,Exodus,8
Cat Warriors,Fifth Edition,1
Cataclysm,Exodus,1
Catacomb Dragon,Mirage,1
Catalog,Urza's Saga,5
Catastrophe,Urza's Saga,1
Cathodion,Urza's Saga,1
Cave People,Fourth Edition,3
Cave Tiger,Urza's Saga,4
Celestial Dawn,Mirage,1
Cemetery Gate (B),Homelands,1
Cerulean Wyvern,Mirage,2
Change of Heart,Stronghold,5
Channel,Revised Edition,1
Chaos Charm,Mirage,9
Chaosphere,Mirage,1
Chaotic Goo,Tempest,1
Charcoal Diamond,Mirage,1
Charging Bandits,Portal,3
Charging Paladin,Exodus,9
Charging Rhino,Portal,1
Charging Rhino,Tempest,3
Chariot of the Sun,Mirage,1
Child of Gaea,Urza's Saga,1
Chill,Tempest,1
Chimeric Sphere,Weatherlight,1
Chimeric Staff,Urza's Saga,1
Choke,Tempest,1
Choking Sands,Mirage,5
Choking Vines,Weatherlight,5
Chub Toad,Fifth Edition,1
Cinder Cloud,Mirage,1
Cinder Crawler,Exodus,7
Cinder Marsh,Tempest,1
Cinder Wall,Weatherlight,6
Circle of Despair,Mirage,1
Circle of Protection: Black,Fifth Edition,1
Circle of Protection: Black,Fourth Edition,1
Circle of Protection: Black,Tempest,2
Circle of Protection: Blue,Fourth Edition,2
Circle of Protection: Blue,Tempest,1
Circle of Protection: Green,Fourth Edition,2
Circle of Protection: Green,Tempest,1
Circle of Protection: Red,Fifth Edition,1
Circle of Protection: Red,Fourth Edition,2
Circle of Protection: Red,Revised Edition,1
Circle of Protection: Red,Tempest,1
Circle of Protection: Shadow,Tempest,5
Circle of Protection: White,Fifth Edition,1
Circle of Protection: White,Tempest,2
Citanul Centaurs,Urza's Saga,1
Citanul Flute,Urza's Saga,1
Citanul Hierophants,Urza's Saga,1
City of Traitors,Exodus,1
Civic Guildmage,Mirage,5
Claws of Gix,Urza's Saga,1
Clay Statue,Fourth Edition,3
Clear,Urza's Saga,1
Clergy en-Vec,Tempest,4
Cloak of Confusion,Fifth Edition,1
Cloak of Confusion,Ice Age,1
Cloak of Feathers,Portal,3
Cloak of Invisibility,Mirage,8
Cloak of Mists,Urza's Saga,1
Clockwork Swarm,Homelands,1
Clot Sliver,Tempest,6
Cloud Elemental,Visions,8
Cloud Pirates,Portal,4
Cloud Spirit,Portal,2
Cloud Spirit,Stronghold,8
Cloudchaser Eagle,Tempest,2
Coat of Arms,Exodus,1
Coercion,Tempest,3
Coercion,Visions,6
Coffin Queen,Tempest,1
Coiled Tinviper,Tempest,1
Coils of the Medusa,Weatherlight,6
Cold Storage,Tempest,1
Combat Medic (Beard),Fallen Empires,1
Combat Medic (Maddocks),Fallen Empires,2
Command of Unsummoning,Portal,2
Commander Greven il-Vec,Tempest,1
Cone of Flame,Weatherlight,2
Confiscate,Urza's Saga,1
Congregate,Urza's Saga,1
Constant Mists,Stronghold,2
Consuming Ferocity,Mirage,1
Contaminated Bond,Mirrodin,4
Contamination,Urza's Saga,1
Contemplation,Stronghold,1
Contempt,Stronghold,5
Convalescence,Exodus,1
Conviction,Stronghold,7
Convulsing Licid,Stronghold,1
Copper Gnomes,Urza's Saga,1
Coral Eel,Portal,7
Coral Fighters,Mirage,1
Coral Helm,Fifth Edition,1
Coral Merfolk,Urza's Saga,4
Corpse Dance,Tempest,1
Corrupt,Urza's Saga,5
Corrupting Licid,Stronghold,1
Counsel of the Soratami,Champions of Kamigawa,1
Counterspell,Tempest,1
Cradle Guard,Urza's Saga,1
Crash of Rhinos,Mirage,6
Crashing Boars,Exodus,2
Crater Hellion,Urza's Saga,1
Craven Giant,Portal,1
Craven Giant,Stronghold,8
Craven Knight,Portal,3
Craw Wurm,Fourth Edition,3
Crazed Armodon,Tempest,1
Crazed Skirge,Urza's Saga,1
Crimson Hellkite,Mirage,1
Crimson Roc,Mirage,3
Crossbow Ambush,Stronghold,7
Crosswinds,Urza's Saga,1
Crovax the Cursed,Stronghold,1
Crown of Flames,Tempest,1
Cruel Fate,Portal,1
Cruel Tutor,Portal,1
Crypt Cobra,Mirage,1
Crystal Chimes,Urza's Saga,1
Crystal Golem,Mirage,2
Crystal Rod,Fourth Edition,1
Crystal Vein,Mirage,1
Crystalline Sliver,Stronghold,1
Culling the Weak,Exodus,6
Cunning,Exodus,5
Curfew,Urza's Saga,4
Curiosity,Exodus,1
Cursed Flesh,Exodus,7
Cursed Scroll,Tempest,1
Cursed Totem,Mirage,1
Cycle of Life,Mirage,1
Cyclopean Mummy,Fourth Edition,1
Daring Apprentice,Mirage,1
Dark Banishing,Mirage,4
Dark Banishing,Ninth Edition,8
Dark Banishing,Tempest,1
Dark Hatchling,Urza's Saga,1
Dark Maze (A),Homelands,1
Dark Privilege,Visions,13
Dark Ritual,Fourth Edition,1
Dark Ritual,Mirage,3
Dark Ritual,Tempest,3
Dark Ritual,Urza's Saga,1
Darkest Hour,Urza's Saga,1
Darkling Stalker,Tempest,1
Dauthi Cutthroat,Exodus,1
Dauthi Embrace,Tempest,1
Dauthi Ghoul,Tempest,1
Dauthi Horror,Tempest,4
Dauthi Jackal,Exodus,7
Dauthi Marauder,Tempest,1
Dauthi Mercenary,Tempest,1
Dauthi Mindripper,Tempest,1
Dauthi Slayer,Tempest,1
Dauthi Trapper,Stronghold,1
Dauthi Warlord,Exodus,1
Dazzling Beauty,Mirage,4
Deadshot,Tempest,1
Death Pits of Rath,Tempest,1
Death Stroke,Stronghold,4
Death Ward,Fifth Edition,1
Death Ward,Fourth Edition,2
Death Ward,Revised Edition,1
Death Watch,Visions,1
Death's Duet,Exodus,7
Death's-Head Buzzard,Scourge,4
Deathgrip,Fourth Edition,1
Decomposition,Mirage,1
Deep Wood,Portal,2
Deep-Sea Serpent,Portal,3
Defensive Formation,Urza's Saga,1
Defiant Stand,Portal,3
Deja Vu,Portal,5
Delirium,Mirage,1
Despondency,Urza's Saga,4
Destructive Urge,Urza's Saga,1
Devoted Hero,Portal,5
Diabolic Edict,Tempest,1
Diabolic Machine,Fourth Edition,2
Diabolic Servitude,Urza's Saga,1
Dirtcowl Wurm,Tempest,1
Dirtwater Wraith,Mirage,8
Disciple of Grace,Urza's Saga,1
Disciple of Law,Urza's Saga,4
Discordant Dirge,Urza's Saga,1
Discordant Spirit,Mirage,1
Disempower,Mirage,4
Disenchant,Mirage,4
Disenchant,Tempest,1
Disenchant,Urza's Saga,4
Disintegrate,Revised Edition,1
Dismiss,Tempest,1
Disorder,Urza's Saga,1
Disrupt,Weatherlight,6
Disruptive Student,Urza's Saga,3
Dissipate,Mirage,1
Disturbed Burial,Tempest,1
Divine Offering,Mirage,4
Divine Retribution,Mirage,1
Dizzying Gaze,Exodus,8
Dominating Licid,Exodus,1
Douse,Urza's Saga,1
Dracoplasm,Tempest,1
Dragon Blood,Urza's Saga,1
Dragon Whelp,Revised Edition,1
Drain Life,Fourth Edition,1
Drain Life,Mirage,1
Drain Life,Revised Edition,1
Dread Charge,Portal,1
Dread of Night,Tempest,1
Dread Reaper,Portal,1
Dread Specter,Mirage,1
Dream Cache,Mirage,1
Dream Cache,Tempest,4
Dream Fighter,Mirage,5
Dream Halls,Stronghold,1
Dream Prowler,Stronghold,9
Dregs of Sorrow,Tempest,1
Drifting Djinn,Urza's Saga,1
Drifting Meadow,Urza's Saga,3
Dromosaur,Urza's Saga,5
Dry Spell,Portal,1
Duct Crawler,Stronghold,8
Dungeon Shade,Stronghold,7
Duplicity,Tempest,1
Duress,Urza's Saga,2
Durkwood Boars,Fourth Edition,2
Duskrider Falcon,Weatherlight,6
Dwarven Berserker,Weatherlight,7
Dwarven Miner,Mirage,1
Dwarven Nomad,Mirage,1
Dwarven Soldier (Asplund-Faith),Fallen Empires,1
Dwarven Trader (A),Homelands,2
Dwarven Vigilantes,Visions,6
Dwarven Warriors,Fifth Edition,1
Early Harvest,Mirage,1
Earthbind,Revised Edition,2
Earthcraft,Tempest,1
Earthlore,Ice Age,1
Eastern Paladin,Urza's Saga,1
Ebony Charm,Mirage,4
Echo Chamber,Tempest,1
Ekundu Cyclops,Mirage,7
Ekundu Griffin,Mirage,3
Eladamri's Vineyard,Tempest,1
"Eladamri, Lord of Leaves",Tempest,1
Electric Eel,The Dark,1
Electryte,Urza's Saga,1
Elite Archers,Urza's Saga,1
Elite Cat Warrior (A),Portal,5
Elite Javelineer,Tempest,4
Elixir of Vitality,Mirage,1
Elven Cache,Portal,1
Elven Cache,Visions,5
Elven Palisade,Exodus,2
Elven Rite,Stronghold,4
Elven Warhounds,Tempest,1
Elvish Berserker,Exodus,7
Elvish Fury,Tempest,1
Elvish Healer,Ice Age,1
Elvish Herder,Urza's Saga,1
Elvish Lyrist,Urza's Saga,1
Elvish Ranger (B),Alliances,1
Elvish Ranger,Portal,6
Emberwilde Caliph,Mirage,1
Emberwilde Djinn,Mirage,1
Emerald Charm,Visions,7
Emerald Medallion,Tempest,1
Emmessi Tome,Tempest,1
Empyrial Armor,Weatherlight,2
Enchantment Alteration,Urza's Saga,1
Endangered Armodon,Stronghold,4
Endless Cockroaches,Portal,1
Endless Scream,Tempest,2
Endless Wurm,Urza's Saga,1
Endoskeleton,Urza's Saga,1
Energizer,Tempest,1
Energy Arc,Alliances,1
Energy Bolt,Mirage,1
Energy Field,Urza's Saga,1
Energy Tap,Fourth Edition,1
Energy Vortex,Mirage,1
Enervate,Fifth Edition,1
Enfeeblement,Mirage,3
Enfeeblement,Tempest,2
Enlightened Tutor,Mirage,1
Enraging Licid,Tempest,1
Enslaved Scout (A),Alliances,1
Enslaved Scout (B),Alliances,1
Ensnaring Bridge,Stronghold,1
Entropic Specter,Exodus,1
Ephemeron,Exodus,1
Equilibrium,Exodus,1
Erg Raiders,Fourth Edition,1
Erosion,Fourth Edition,1
Errand of Duty (A),Alliances,1
Errant Minion,Ice Age,1
Erratic Portal,Exodus,1
Ersatz Gnomes,Mirage,1
Ertai's Meddling,Tempest,1
"Ertai, Wizard Adept",Exodus,1
Escaped Shapeshifter,Tempest,1
Essence Bottle,Tempest,1
Eternal Warrior,Fourth Edition,1
Ether Well,Mirage,2
Ethereal Champion,Mirage,1
Evacuation,Stronghold,1
Evincar's Justice,Tempest,4
Exalted Dragon,Exodus,1
Excavator,Tempest,1
Exhaustion,Portal,1
Exhaustion,Urza's Saga,1
Exhume,Urza's Saga,3
Exploration,Urza's Saga,1
Expunge,Urza's Saga,1
Extinction,Tempest,1
Fade Away,Exodus,9
Faith Healer,Urza's Saga,1
Faith's Fetters,Ravnica: City of Guilds,4
Fallen Askari,Visions,7
Fallow Earth,Mirage,1
Falter,Urza's Saga,4
Fanning the Flames,Stronghold,1
Farrel's Zealot (Ferguson),Fallen Empires,1
Fault Line,Urza's Saga,1
Favorable Destiny,Mirage,1
Fear,Fourth Edition,1
Feast of the Unicorn,Classic Sixth Edition,1
Fecundity,Urza's Saga,1
Feedback,Fourth Edition,1
Feedback,Revised Edition,2
Femeref Archers,Mirage,1
Femeref Healer,Mirage,6
Femeref Knight,Mirage,4
Femeref Scouts,Mirage,4
Feral Instinct,Visions,11
Feral Shadow,Mirage,2
Feral Shadow,Portal,1
Fertile Ground,Urza's Saga,1
Festering Evil,Weatherlight,1
Fetid Horror,Mirage,4
Fevered Convulsions,Tempest,1
Fevered Strength (A),Alliances,1
Field of Souls,Tempest,1
Fiery Mantle,Urza's Saga,1
Fighting Chance,Exodus,1
Fighting Drake,Tempest,1
Final Fortune,Mirage,1
Final Strike,Portal,1
Fire Ants,Urza's Saga,1
Fire Diamond,Mirage,1
Fire Drake,Chronicles,1
Fire Imp,Portal,2
Fire Snake,Portal,4
Fire Whip,Weatherlight,6
Fireball,Fourth Edition,1
Firebreathing,Fourth Edition,1
Firebreathing,Mirage,5
Firefly,Tempest,1
Fireslinger,Tempest,1
Fit of Rage,Weatherlight,6
Flailing Drake,Tempest,1
Flame Elemental,Mirage,4
Flame Wave,Stronghold,1
Flare,Mirage,5
Flash,Mirage,1
Fledgling Djinn,Weatherlight,8
Flesh Reaver,Urza's Saga,1
Flickering Ward,Tempest,1
Fling,Stronghold,3
Flood Plain,Mirage,1
Flood,Fifth Edition,1
Flood,Fourth Edition,1
Floodgate,Mirage,1
Flowstone Blade,Stronghold,3
Flowstone Flood,Exodus,1
Flowstone Giant,Tempest,4
Flowstone Hellion,Stronghold,3
Flowstone Mauler,Stronghold,2
Flowstone Salamander,Tempest,1
Flowstone Sculpture,Tempest,1
Flowstone Shambler,Stronghold,9
Flowstone Wyvern,Tempest,1
Fluctuator,Urza's Saga,1
Flux,Portal,2
Flux,Weatherlight,5
Fog Bank,Urza's Saga,1
Fog Elemental,Weatherlight,5
Fog,Fifth Edition,1
Fog,Mirage,4
Folk of An-Havva (A),Homelands,1
Folk of An-Havva (B),Homelands,1
Fool's Tome,Tempest,1
Foot Soldiers,Portal,3
Foratog,Mirage,2
Forbid,Exodus,1
Forbidden Crypt,Mirage,1
Forest (329),Seventh Edition,2
Forest (347),Urza's Saga,1
Forest (348),Urza's Saga,1
Forest (349),Urza's Saga,2
Forest (350),Classic Sixth Edition,1
Forest (350),Urza's Saga,2
Forest (A),Mirage,1
Forest (A),Portal,1
Forest (A),Tempest,1
Forest (B),Fifth Edition,1
Forest (B),Mirage,1
Forest (B),Portal,1
Forest (B),Tempest,1
Forest (C),Mirage,1
Forest (C),Portal,1
Forest (C),Tempest,1
Forest (D),Fifth Edition,1
Forest (D),Mirage,1
Forest (D),Portal,1
Forest (D),Tempest,3
Forsaken Wastes,Mirage,1
Fortified Area,Fourth Edition,1
Fortitude,Urza's Saga,3
Foul Imp,Stronghold,6
Foxfire,Ice Age,1
Freewind Falcon,Visions,7
Frenetic Efreet,Mirage,1
Freyalise Supplicant,Ice Age,1
Frog Tongue,Tempest,4
Frozen Shade,Fourth Edition,1
Frozen Shade,Revised Edition,1
Fruition,Portal,6
Fugitive Druid,Tempest,1
Fugue,Exodus,1
Furnace Brood,Exodus,8
Furnace of Rath,Tempest,1
Furnace Spirit,Stronghold,5
Fylamarid,Tempest,1
Gaea's Bounty,Urza's Saga,1
Gaea's Cradle,Urza's Saga,1
Gaea's Embrace,Urza's Saga,1
Gallantry,Tempest,1
Galvanic Arc,Ravnica: City of Guilds,2
Gamble,Urza's Saga,1
Gaseous Form,Fifth Edition,2
Gaseous Form,Tempest,4
Gerrard's Battle Cry,Tempest,1
Gerrard's Wisdom,Weatherlight,1
Get a Life,Unglued,1
Ghost Hounds,Homelands,1
Ghost Ship,The Dark,1
Ghost Town,Tempest,1
Giant Albatross (A),Homelands,1
Giant Albatross (B),Homelands,1
Giant Caterpillar,Visions,2
Giant Crab,Tempest,5
Giant Mantis,Mirage,3
Giant Octopus,Portal,3
Giant Slug,Chronicles,1
Giant Spider,Fourth Edition,1
Giant Spider,Portal,4
Giant Strength,Fourth Edition,2
Giant Strength,Tempest,5
Gibbering Hyenas,Mirage,6
Gilded Drake,Urza's Saga,1
Gliding Licid,Stronghold,1
Gloom,Fourth Edition,1
Glorious Anthem,Urza's Saga,1
Goblin Bombardment,Tempest,1
Goblin Bully,Portal,3
Goblin Cadets,Urza's Saga,1
Goblin Chirurgeon (Frazier),Fallen Empires,1
Goblin Digging Team,Chronicles,1
Goblin Elite Infantry,Mirage,2
Goblin Kites,Fallen Empires,1
Goblin Lackey,Urza's Saga,1
Goblin Matron,Urza's Saga,1
Goblin Offensive,Urza's Saga,1
Goblin Patrol,Urza's Saga,1
Goblin Raider,Urza's Saga,3
Goblin Recruiter,Visions,1
Goblin Rock Sled,The Dark,1
Goblin Scouts,Mirage,1
Goblin Shrine,Chronicles,1
Goblin Shrine,The Dark,1
Goblin Soothsayer,Mirage,1
Goblin Spelunkers,Urza's Saga,3
Goblin Swine-Rider,Visions,5
Goblin Tinkerer,Mirage,2
Goblin Vandal,Weatherlight,1
Goblin War Buggy,Urza's Saga,1
Goblin War Drums (Ferguson),Fallen Empires,1
Goblin War Drums (Frazier),Fallen Empires,1
Goblin War Drums (Hudson),Fallen Empires,1
Goblins of the Flarg,Chronicles,1
Golgothian Sylex,Antiquities,1
Gorilla Berserkers (A),Alliances,2
Gorilla Berserkers (B),Alliances,1
Gorilla Shaman (A),Alliances,1
Gorilla Shaman (B),Alliances,2
Gorilla War Cry (B),Alliances,1
Gorilla Warrior,Portal,2
Gorilla Warrior,Urza's Saga,3
Gossamer Chains,Visions,3
Grafted Skullcap,Urza's Saga,1
Granger Guildmage,Mirage,5
Grapeshot Catapult,Fifth Edition,1
Grapeshot Catapult,Fourth Edition,1
Grasslands,Mirage,1
Grave Pact,Stronghold,1
Grave Servitude,Mirage,7
Gravebane Zombie,Mirage,1
Gravedigger,Portal,1
Gravedigger,Tempest,1
Gray Ogre,Fourth Edition,1
Great Whale,Urza's Saga,1
Greater Good,Urza's Saga,1
Greater Werewolf,Fifth Edition,1
Green Ward,Fourth Edition,1
Greener Pastures,Urza's Saga,1
Grim Feast,Mirage,1
Grindstone,Tempest,1
Grinning Totem,Mirage,1
Grizzly Bears,Fifth Edition,1
Grizzly Bears,Portal,5
Grollub,Exodus,3
Guerrilla Tactics (A),Alliances,3
Guerrilla Tactics (B),Alliances,1
Guided Strike,Weatherlight,5
Guma,Urza's Saga,1
Hail Storm,Alliances,1
"Hakim, Loreweaver",Mirage,1
Hall of Gemstone,Mirage,1
Hammer of Bogardan,Mirage,1
Hammerhead Shark,Stronghold,6
Hand of Death (A),Portal,7
Hand of Justice,Fallen Empires,1
Hand to Hand,Tempest,1
Handcuffs,Unglued,2
Hanna's Custody,Tempest,1
Harbinger of Night,Mirage,1
Harbor Guardian,Mirage,1
Harmattan Efreet,Mirage,3
Harrow,Tempest,1
Harvest Wurm,Weatherlight,1
Hatred,Exodus,1
Haunting Apparition,Mirage,1
Haunting Misery,Weatherlight,4
Havoc,Tempest,1
Hawkeater Moth,Urza's Saga,1
Hazerider Drake,Mirage,1
Headlong Rush,Urza's Saga,3
Heal,Ice Age,1
Healing Salve,Mirage,7
Healing Salve,Urza's Saga,4
Heart Sliver,Tempest,1
Hearth Charm,Visions,3
Heartstone,Stronghold,1
Heartwood Dryad,Tempest,5
Heartwood Giant,Tempest,1
Heartwood Treefolk,Tempest,1
Heat of Battle,Stronghold,1
Heat Ray,Urza's Saga,1
Heavy Ballista,Weatherlight,1
Helm of Possession,Tempest,1
Herald of Serra,Urza's Saga,1
Hermetic Study,Urza's Saga,2
Hermit Druid,Stronghold,1
Hero's Resolve,Tempest,2
Hesitation,Stronghold,1
Hibernation Sliver,Stronghold,1
Hibernation,Urza's Saga,1
Hidden Ancients,Urza's Saga,1
Hidden Guerrillas,Urza's Saga,1
Hidden Herd,Urza's Saga,1
Hidden Predators,Urza's Saga,1
Hidden Retreat,Stronghold,1
Hidden Spider,Urza's Saga,4
Hidden Stag,Urza's Saga,1
High Ground,Exodus,1
High Tide (Maddocks),Fallen Empires,1
Highland Giant,Portal,3
Hill Giant,Fifth Edition,1
Hill Giant,Fourth Edition,1
Hill Giant,Portal,5
Hivis of the Scale,Mirage,1
Hollow Dogs,Ninth Edition,2
Hollow Dogs,Urza's Saga,5
Homarid (Hoover),Fallen Empires,1
Homarid (Hudson),Fallen Empires,1
Homarid (Tedin),Fallen Empires,1
Homarid Warrior,Fifth Edition,1
Honor Guard,Stronghold,7
Hope Charm,Visions,6
Hopping Automaton,Urza's Saga,1
Horn of Greed,Stronghold,1
Horned Sliver,Tempest,1
Horned Turtle,Portal,3
Horned Turtle,Tempest,4
Hornet Cannon,Stronghold,1
Horrible Hordes,Mirage,3
Horseshoe Crab,Urza's Saga,1
Howl from Beyond,Fifth Edition,1
Howl from Beyond,Fourth Edition,1
Howl from Beyond,Revised Edition,1
Howling Fury,Portal,2
Hulking Cyclops,Visions,3
Hulking Goblin,Portal,1
Humble,Urza's Saga,1
Humility,Tempest,1
Hungry Mist,Fifth Edition,1
Hurloon Minotaur,Fifth Edition,1
Hurloon Shaman,Weatherlight,2
Hurricane,Portal,1
Hush,Urza's Saga,1
"I'm Rubber, You're Glue",Unglued,1
Icatian Infantry (Shuler),Fallen Empires,1
Icatian Javelineers (Benson),Fallen Empires,1
Icatian Priest,Fallen Empires,1
Icatian Scout (Alexander),Fallen Empires,2
Icatian Scout (Ferguson),Fallen Empires,1
Icatian Scout (Foglio),Fallen Empires,1
Icatian Scout (Shuler),Fallen Empires,1
Igneous Golem,Mirage,1
Ill-Gotten Gains,Urza's Saga,1
Illicit Auction,Mirage,1
Illumination,Mirage,1
Imaginary Pet,Urza's Saga,1
Immolation,Fourth Edition,2
Imposing Visage,Fifth Edition,1
Imps' Taunt,Tempest,1
Impulse,Visions,1
Incinerate,Mirage,1
Indestructible Aura,Chronicles,1
Index,Apocalypse,2
Infantry Veteran,Visions,3
Infernal Contract,Mirage,1
Infernal Harvest,Visions,6
Infuse,Ice Age,1
Ingenious Thief,Portal,3
Initiates of the Ebon Hand (Foglio),Fallen Empires,1
Insidious Bookworms (A),Alliances,3
Insidious Bookworms (B),Alliances,1
Insight,Tempest,1
Inspiration,Visions,3
Interdict,Tempest,1
Intrepid Hero,Urza's Saga,1
Intruder Alarm,Stronghold,1
Invasion Plans,Stronghold,1
Invulnerability,Tempest,1
Iron Tusk Elephant,Mirage,2
Ironclaw Curse,Homelands,1
Ironclaw Orcs,Fourth Edition,2
Ironroot Treefolk,Fifth Edition,1
Ironroot Treefolk,Revised Edition,1
Island (292),Champions of Kamigawa,1
Island (335),Urza's Saga,1
Island (336),Onslaught,4
Island (336),Urza's Saga,1
Island (337),Onslaught,3
Island (337),Urza's Saga,2
Island (338),Onslaught,3
Island (338),Urza's Saga,2
Island (A),Mirage,1
Island (A),Portal,1
Island (A),Tempest,1
Island (B),Mirage,1
Island (B),Portal,1
Island (B),Revised Edition,2
Island (B),Tempest,1
Island (C),Mirage,1
Island (C),Portal,1
Island (C),Tempest,1
Island (D),Mirage,1
Island (D),Portal,1
Island (D),Tempest,1
Ivory Charm,Mirage,3
Jabari's Influence,Mirage,1
Jackal Pup,Tempest,1
Jackalope Herd,Exodus,6
Jagged Lightning,Urza's Saga,1
Jamuraan Lion,Visions,4
Jangling Automaton,Weatherlight,4
Jet Medallion,Tempest,1
Jinxed Idol,Tempest,1
Jinxed Ring,Stronghold,1
Johtull Wurm,Ice Age,1
Jolrael's Centaur,Mirage,1
Jolt,Mirage,6
Joven,Homelands,1
Juju Bubble,Visions,3
Jump,Fourth Edition,1
Jump,Revised Edition,1
Jungle Lion,Portal,5
Jungle Patrol,Mirage,1
Jungle Troll,Mirage,1
Jungle Wurm,Mirage,7
Juzam Djinn,Arabian Nights,1
Kaervek's Hex,Mirage,2
Kaervek's Purge,Mirage,1
Kaervek's Torch,Mirage,1
"Karn, Silver Golem",Urza's Saga,1
Karoo Meerkat,Mirage,1
Keen-Eyed Archers,Portal,1
Keeper of Kookus,Visions,5
Keeper of the Beasts,Exodus,1
Keeper of the Dead,Exodus,1
Keeper of the Flame,Exodus,1
Keeper of the Light,Exodus,1
Keeper of the Mind,Exodus,1
Keepers of the Faith,Chronicles,2
Kezzerdrix,Tempest,1
Killer Whale,Exodus,2
Kindle,Tempest,3
King Cheetah,Visions,9
King's Assassin,Portal,1
Kithkin Armor,Weatherlight,6
Kjeldoran Escort (B),Alliances,1
Kjeldoran Guard,Ice Age,1
Kjeldoran Pride (A),Alliances,1
Knight Errant,Portal,4
Knight of Dawn,Tempest,1
Knight of Dusk,Tempest,1
Knight of the Mists,Visions,8
Knight of Valor,Visions,4
Kor Chant,Exodus,1
Krakilin,Tempest,1
Krovikan Sorcerer,Fifth Edition,1
Kukemssa Pirates,Mirage,1
Kukemssa Serpent,Mirage,4
Lab Rats,Stronghold,4
Labyrinth Minotaur (B),Homelands,1
Lancers en-Kor,Stronghold,1
Land Leeches,Fourth Edition,1
Land Leeches,The Dark,1
Launch,Urza's Saga,5
Lava Axe,Ninth Edition,4
Lava Axe,Portal,3
Lava Storm,Weatherlight,5
Lay Waste,Urza's Saga,1
Lead Golem,Mirage,1
Lead-Belly Chimera,Visions,1
Leap,Stronghold,7
Leeching Licid,Tempest,1
Leering Gargoyle,Mirage,1
Legacy's Allure,Tempest,1
Legerdemain,Tempest,1
Leshrac's Rite,Fifth Edition,1
Lifeline,Urza's Saga,1
Light of Day,Tempest,1
Lightning Blast,Tempest,1
Lightning Bolt,Fourth Edition,1
Lightning Dragon,Urza's Saga,1
Lightning Elemental,Tempest,1
Lightning Reflexes,Mirage,5
Lilting Refrain,Urza's Saga,1
Limited Resources,Exodus,1
Lingering Mirage,Urza's Saga,1
Lion's Eye Diamond,Mirage,1
Living Death,Tempest,1
Lizard Warrior,Portal,5
Llanowar Behemoth,Weatherlight,2
Llanowar Druid,Weatherlight,4
Lobotomy,Tempest,1
Locust Swarm,Mirage,1
Looming Shade,Eighth Edition,1
Looming Shade,Ninth Edition,3
Looming Shade,Urza's Saga,3
Lotus Blossom,Urza's Saga,1
Lotus Petal,Tempest,1
Lowland Basilisk,Stronghold,4
Lowland Giant,Tempest,4
Lull,Urza's Saga,1
Lure of Prey,Mirage,1
Lure,Mercadian Masques,2
Lurking Evil,Urza's Saga,1
Maddening Imp,Tempest,1
Mage il-Vec,Exodus,6
Magmasaur,Tempest,1
Magnetic Web,Tempest,1
Malignant Growth,Mirage,1
Mana Breach,Exodus,1
Mana Chains,Weatherlight,7
Mana Leak,Stronghold,1
Mana Leech,Urza's Saga,1
Mana Prism,Mirage,1
Mana Severance,Tempest,1
Manabond,Exodus,1
Manakin,Tempest,1
Mangara's Blessing,Mirage,1
Mangara's Equity,Mirage,1
Mangara's Tome,Mirage,1
Maniacal Rage,Exodus,7
Manta Ray,Weatherlight,7
Manta Riders,Tempest,4
Marble Diamond,Mirage,1
Marble Titan,Tempest,1
Maro,Mirage,1
Marsh Gas,Fourth Edition,1
Marsh Lurker,Tempest,5
Marsh Viper,Fourth Edition,2
Marsh Viper,The Dark,3
Martyrdom (B),Alliances,1
Mask of the Mimic,Stronghold,1
Master Decoy,Tempest,1
Master of Arms,Weatherlight,1
Matopi Golem,Visions,3
Mawcor,Tempest,1
Maze of Shadows,Tempest,1
Meddle,Mirage,1
Medicine Bag,Exodus,3
Meditate,Tempest,1
Megrim,Stronghold,1
Melesse Spirit,Mirage,1
Meltdown,Urza's Saga,1
Memory Crystal,Exodus,1
Memory Lapse,Mirage,1
Merfolk Looter,Exodus,8
Merfolk of the Pearl Trident,Fifth Edition,1
Merfolk of the Pearl Trident,Portal,4
Merfolk of the Pearl Trident,Revised Edition,3
Merfolk Raiders,Mirage,8
Merfolk Seer,Mirage,4
Merfolk Traders,Weatherlight,6
Mesa Falcon (A),Homelands,1
Mesa Pegasus,Revised Edition,1
Metallic Sliver,Tempest,5
Metrognome,Urza's Saga,1
Midsummer Revel,Urza's Saga,1
Mind Bend,Mirage,1
Mind Games,Stronghold,7
Mind Harness,Mirage,1
Mind Knives,Portal,5
Mind Maggots,Exodus,1
Mind Over Matter,Exodus,1
Mind Peel,Stronghold,1
Mind Rot,Eighth Edition,2
Mind Rot,Portal,5
Mindbender Spores,Mirage,1
Mindless Automaton,Exodus,1
Mindstab Thrull (Hudson),Fallen Empires,1
Mindwarper,Stronghold,1
Mindwhip Sliver,Tempest,1
Minion of the Wastes,Tempest,1
Minotaur Warrior,Portal,4
Miraculous Recovery,Visions,1
Mire Shade,Mirage,1
Mirozel,Exodus,3
Mirri's Guile,Tempest,1
"Mirri, Cat Warrior",Exodus,1
Mirror Universe,Legends,1
Misers' Cage,Mirage,1
Mishra's Helix,Urza's Saga,1
Mist Dragon,Mirage,1
Mistmoon Griffin,Weatherlight,1
Mnemonic Sliver,Tempest,1
Mob Justice,Stronghold,6
Mobile Fort,Urza's Saga,1
Mobilize,Portal,3
Mogg Assassin,Exodus,3
Mogg Bombers,Stronghold,3
Mogg Cannon,Tempest,1
Mogg Conscripts,Tempest,2
Mogg Fanatic,Tempest,1
Mogg Flunkies,Stronghold,2
Mogg Hollows,Tempest,1
Mogg Infestation,Stronghold,1
Mogg Maniac,Stronghold,1
Mogg Raider,Tempest,3
Mogg Squad,Tempest,1
Mole Worms,Fifth Edition,1
Mongrel Pack,Tempest,1
Monk Idealist,Urza's Saga,2
Monk Realist,Urza's Saga,1
Mons's Goblin Raiders,Fourth Edition,1
Monstrous Growth (A),Portal,2
Monstrous Hound,Exodus,1
Moon Sprite,Portal,2
Morgue Thrull,Stronghold,8
Morphling,Urza's Saga,1
Mortal Wound,Visions,5
Mortuary,Stronghold,1
Moss Diamond,Mirage,1
Mountain (343),Urza's Saga,1
Mountain (344),Urza's Saga,1
Mountain (345),Urza's Saga,1
Mountain (346),Urza's Saga,1
Mountain (A),Mirage,1
Mountain (A),Portal,1
Mountain (A),Revised Edition,3
Mountain (A),Tempest,1
Mountain (B),Ice Age,1
Mountain (B),Mirage,1
Mountain (B),Revised Edition,3
Mountain (B),Tempest,1
Mountain (C),Ice Age,1
Mountain (C),Mirage,1
Mountain (C),Revised Edition,2
Mountain (C),Tempest,1
Mountain (D),Mirage,1
Mountain (D),Tempest,1
Mountain Goat,Fifth Edition,1
Mountain Goat,Portal,1
Mountain Valley,Mirage,1
Mounted Archers,Tempest,1
Mox Diamond,Stronghold,1
Mtenda Griffin,Mirage,1
Mtenda Herder,Mirage,4
Mtenda Lion,Mirage,6
Muck Rats,Portal,5
Mulch,Stronghold,5
Murk Dwellers,Fifth Edition,1
Muscle Sliver,Tempest,3
Mystic Denial,Portal,1
Mystic Remora,Ice Age,1
Mystic Veil,Visions,7
Mystical Tutor,Mirage,1
Nalathni Dragon,Media Promos,2
Natural Balance,Mirage,1
Natural Spring,Portal,2
Natural Spring,Tempest,1
Nature's Cloak,Portal,1
Nature's Kiss,Weatherlight,1
Nature's Lore,Fifth Edition,1
Nature's Lore,Ice Age,1
Nature's Lore,Portal,6
Nature's Revolt,Tempest,1
Nature's Ruin,Portal,1
Nausea,Exodus,10
Necratog,Weatherlight,1
Necrite (Spencer),Fallen Empires,1
Necrologia,Exodus,3
Needle Storm,Portal,1
Needle Storm,Tempest,1
Nettletooth Djinn,Mirage,1
Neurok Stealthsuit,Fifth Dawn,1
Night Soil (Everingham),Fallen Empires,1
No Quarter,Tempest,1
No Rest for the Wicked,Urza's Saga,1
Noble Elephant,Mirage,4
Nocturnal Raid,Mirage,1
Noetic Scales,Urza's Saga,1
Nomads en-Kor,Stronghold,4
Norritt,Ice Age,1
Noxious Toad,Portal,2
Null Brooch,Exodus,1
Null Chamber,Mirage,1
Nurturing Licid,Tempest,1
Oath of Druids,Exodus,1
Oath of Ghouls,Exodus,1
Oath of Lieges,Exodus,1
Oath of Mages,Exodus,1
Oath of Scholars,Exodus,1
Obelisk of Undoing,Fifth Edition,1
Obsianus Golem,Fourth Edition,1
Ogre Shaman,Exodus,1
Okk,Urza's Saga,1
Omen,Portal,5
Onslaught,Exodus,5
Opal Acrolith,Urza's Saga,1
Opal Archangel,Urza's Saga,1
Opal Caryatid,Urza's Saga,4
Opal Gargoyle,Urza's Saga,3
Opal Titan,Urza's Saga,1
Ophidian,Weatherlight,6
Opportunist,Tempest,1
Oppression,Urza's Saga,1
Oracle en-Vec,Tempest,1
Orcish Captain,Fallen Empires,1
Orcish Conscripts,Fifth Edition,1
Orcish Oriflamme,Fifth Edition,1
Orcish Spy (Venters),Fallen Empires,1
Orcish Veteran (Hoover),Fallen Empires,1
Orcish Veteran (Shuler),Fallen Empires,1
Order of Leitbur (A),Fallen Empires,1
Order of Yawgmoth,Urza's Saga,1
Orim's Prayer,Tempest,1
"Orim, Samite Healer",Tempest,1
Outmaneuver,Urza's Saga,1
Overgrowth,Stronghold,7
Override,Mirrodin,2
Overrun,Tempest,1
Ovinomancer,Visions,3
Owl Familiar,Portal,4
Pacifism,Mirage,1
Pacifism,Tempest,2
Pacifism,Urza's Saga,3
Painful Memories,Mirage,1
Paladin en-Vec,Exodus,1
Pallimud,Tempest,1
Pandemonium,Exodus,1
Panther Warriors,Portal,5
Panther Warriors,Visions,1
Paralyze,Fifth Edition,1
Parapet,Visions,7
Parasitic Bond,Urza's Saga,1
Pariah,Urza's Saga,1
Paroxysm,Exodus,1
Patagia Golem,Mirage,1
Patchwork Gnomes,Tempest,1
Path of Peace,Urza's Saga,1
Paupers' Cage,Mirage,1
Peace of Mind,Exodus,1
Pearl Dragon,Mirage,1
Pearl Medallion,Tempest,1
Pearled Unicorn,Revised Edition,2
Pegasus Charger,Urza's Saga,4
Pegasus Refuge,Tempest,1
Pegasus Stampede,Exodus,1
Penance,Exodus,1
Pendrell Drake,Urza's Saga,5
Pendrell Flux,Urza's Saga,4
Peregrine Drake,Urza's Saga,1
Perish,Tempest,1
Persecute,Urza's Saga,1
Personal Tutor,Portal,3
Pestilence,Fifth Edition,1
Pestilence,Revised Edition,2
Pestilence,Urza's Saga,8
Phantasmal Terrain,Fifth Edition,1
Phantasmal Terrain,Fourth Edition,2
Phantom Monster,Fifth Edition,1
Phantom Warrior,Portal,1
Phantom Wings,Weatherlight,6
Phyrexian Colossus,Urza's Saga,1
Phyrexian Denouncer,Urza's Legacy,1
Phyrexian Dreadnought,Mirage,1
Phyrexian Ghoul,Urza's Saga,1
Phyrexian Grimoire,Tempest,1
Phyrexian Hulk,Tempest,1
Phyrexian Processor,Urza's Saga,1
Phyrexian Purge,Mirage,1
Phyrexian Splicer,Tempest,1
Phyrexian Tower,Urza's Saga,1
Phyrexian Tribute,Mirage,1
Phyrexian Vault,Mirage,1
Pikemen,Fifth Edition,2
Pikemen,Fourth Edition,1
Pillaging Horde,Portal,1
Pincher Beetles,Tempest,2
Pine Barrens,Tempest,1
Pit Imp,Tempest,5
Pit Spawn,Exodus,1
Pit Trap,Urza's Saga,1
Plague Beetle,Ninth Edition,4
Plague Rats,Fourth Edition,2
Plaguebearer,Exodus,1
Plains (331),Eighth Edition,1
Plains (331),Urza's Saga,2
Plains (332),Urza's Saga,1
Plains (333),Urza's Saga,1
Plains (334),Urza's Saga,2
Plains (A),Mirage,1
Plains (A),Revised Edition,1
Plains (A),Tempest,1
Plains (B),Mirage,1
Plains (B),Revised Edition,1
Plains (B),Tempest,1
Plains (C),Mirage,1
Plains (C),Tempest,2
Plains (D),Mirage,1
Plains (D),Tempest,3
Planar Birth,Urza's Saga,1
Planar Void,Urza's Saga,1
Plant Elemental,Portal,1
Plated Rootwalla,Exodus,9
Political Trickery,Mirage,1
Polluted Mire,Urza's Saga,1
Polymorph,Mirage,1
Portcullis,Stronghold,1
Pouncing Jaguar,Urza's Saga,1
Power Leak,Fourth Edition,1
Power Sink,Fourth Edition,2
Power Sink,Mirage,1
Power Sink,Revised Edition,1
Power Sink,Tempest,1
Power Sink,Urza's Saga,4
Power Taint,Urza's Saga,4
Precognition,Tempest,1
Predatory Hunger,Exodus,6
Preferred Selection,Mirage,1
Presence of the Master,Urza's Saga,1
Price of Progress,Exodus,1
Priest of Gix,Urza's Saga,1
Priest of Titania,Urza's Saga,1
Primal Rage,Stronghold,1
Primitive Justice,Alliances,1
Prismatic Boon,Mirage,2
Prismatic Circle,Mirage,7
Prismatic Lace,Mirage,1
Prismatic Ward,Fifth Edition,2
Prodigal Sorcerer,Fourth Edition,2
Prodigal Sorcerer,Revised Edition,2
Propaganda,Tempest,1
Provoke,Stronghold,7
Psychic Transfer,Mirage,1
Psychic Venom,Fourth Edition,1
Puppet Strings,Tempest,1
Purgatory,Mirage,1
Purging Scythe,Urza's Saga,1
Purraj of Urborg,Mirage,1
Pursuit of Knowledge,Stronghold,1
Pygmy Troll,Exodus,8
Pyric Salamander,Mirage,8
Pyroblast,Ice Age,1
Python,Portal,3
Python,Visions,2
Quickening Licid,Tempest,1
Quirion Elves,Mirage,1
Rabid Rats,Stronghold,5
Rabid Wolverines,Exodus,6
Rabid Wombat,Fifth Edition,1
Radiant Essence,Mirage,1
Raging Cougar,Portal,4
Raging Goblin (A),Portal,4
Raging Goblin,Exodus,6
Raging Gorilla,Visions,5
Raging Minotaur,Portal,3
Raging Spirit,Mirage,4
Rain of Filth,Urza's Saga,1
Rain of Salt,Urza's Saga,1
Rain of Tears,Portal,1
Rain of Tears,Tempest,1
Raise Dead,Portal,2
Raise Dead,Revised Edition,1
Raise Dead,Seventh Edition,1
Rampant Growth,Mirage,1
Rampant Growth,Tempest,1
Ranger en-Vec,Tempest,1
Ransack,Stronghold,1
Rashida Scalebane,Mirage,1
Rathi Dragon,Tempest,1
Rats of Rath,Tempest,4
Ravenous Baboons,Exodus,1
Ravenous Skirge,Urza's Saga,5
Ravenous Vampire,Mirage,1
Ray of Command,Ice Age,1
Ray of Command,Mirage,8
Ray of Erasure,Ice Age,1
Raze,Urza's Saga,1
Razor Pendulum,Mirage,1
Razortooth Rats,Weatherlight,5
Reality Anchor,Tempest,5
Reality Ripple,Mirage,9
Reanimate,Tempest,1
Reap,Tempest,1
Reaping the Graves,Scourge,1
Reaping the Rewards,Exodus,8
Rebound,Stronghold,1
Recantation,Urza's Saga,1
Reckless Embermage,Mirage,1
Reckless Ogre,Exodus,6
Reckless Spite,Tempest,1
Reclaim,Exodus,6
Reclusive Wight,Urza's Saga,1
Reconnaissance,Exodus,2
Recurring Nightmare,Exodus,1
Recycle,Tempest,1
Red Elemental Blast,Fourth Edition,1
Red Elemental Blast,Revised Edition,3
Redeem,Urza's Saga,1
Redwood Treefolk,Portal,4
Redwood Treefolk,Weatherlight,5
Reef Pirates (A),Homelands,1
Reef Pirates,Fifth Edition,1
Reflect Damage,Mirage,1
Reflecting Pool,Tempest,1
Reflexes,Urza's Saga,5
Regal Unicorn,Portal,6
Regeneration,Eighth Edition,1
Regeneration,Fourth Edition,1
Regeneration,Mirage,7
Reign of Chaos,Mirage,1
Reign of Terror,Mirage,1
Reins of Power,Stronghold,1
Rejuvenate,Urza's Saga,5
Relic Ward,Visions,2
Remedy,Visions,4
Remembrance,Urza's Saga,1
Remote Isle,Urza's Saga,4
Renegade Warlord,Tempest,1
Renewing Dawn,Portal,3
Reparations,Mirage,1
Repentance,Tempest,1
Reprocess,Urza's Saga,1
Rescind,Urza's Saga,1
Resistance Fighter,Visions,1
Respite,Tempest,3
Restless Dead,Mirage,10
Resuscitate,Exodus,1
Retaliation,Urza's Saga,1
Retromancer,Urza's Saga,4
Revenant,Stronghold,1
Revered Unicorn,Weatherlight,1
Rewind,Urza's Saga,1
Ritual of Steel,Mirage,1
Robe of Mirrors,Exodus,7
Rock Basilisk,Mirage,1
Rock Hydra,Revised Edition,1
Rock Slide,Visions,7
Rocky Tar Pit,Mirage,1
Rod of Ruin,Fourth Edition,1
Rogue Elephant,Weatherlight,6
Rolling Stones,Stronghold,1
Rolling Thunder,Tempest,1
Root Maze,Tempest,1
Rootbreaker Wurm,Tempest,2
Roots of Life,Mirage,1
Rootwalla,Tempest,2
Rootwater Alligator,Exodus,9
Rootwater Depths,Tempest,1
Rootwater Diver,Tempest,1
Rootwater Hunter,Tempest,1
Rootwater Matriarch,Tempest,1
Rootwater Mystic,Exodus,9
Rootwater Shaman,Tempest,1
Rowan Treefolk,Portal,4
Royal Herbalist (A),Alliances,1
Ruby Medallion,Tempest,1
Ruination,Stronghold,1
Rumbling Crescendo,Urza's Saga,1
Rune of Protection: Artifacts,Urza's Saga,1
Rune of Protection: Black,Urza's Saga,1
Rune of Protection: Blue,Urza's Saga,5
Rune of Protection: Green,Urza's Saga,3
Rune of Protection: Lands,Urza's Saga,1
Rune of Protection: Red,Urza's Saga,4
Rune of Protection: White,Urza's Saga,5
Sabertooth Cobra,Mirage,4
Sabertooth Wyvern,Exodus,1
Sacred Ground,Stronghold,1
Sacred Guide,Tempest,1
Sacred Knight,Portal,2
Sacred Mesa,Mirage,1
Sacred Nectar,Portal,5
Sadistic Glee,Tempest,1
Safeguard,Tempest,1
Salt Flats,Tempest,1
Samite Blessing,Stronghold,7
Samite Healer,Fifth Edition,1
Samite Healer,Revised Edition,2
Sanctum Custodian,Urza's Saga,4
Sanctum Guardian,Urza's Saga,1
Sand Golem,Mirage,1
Sandbar Crocodile,Mirage,6
Sandbar Merfolk,Urza's Saga,4
Sandbar Serpent,Urza's Saga,1
Sandstone Warrior,Tempest,1
Sandstorm,Fourth Edition,1
Sandstorm,Mirage,3
Sanguine Guard,Urza's Saga,1
Sapphire Charm,Mirage,5
Sapphire Medallion,Tempest,1
Savage Twister,Mirage,1
Sawback Manticore,Mirage,1
Sawtooth Ogre,Weatherlight,5
Scabland,Tempest,1
Scald,Urza's Saga,1
Scalding Salamander,Exodus,1
Scalding Tongs,Tempest,1
Scaled Wurm,Fifth Edition,1
Scapegoat,Stronghold,2
Scare Tactics,Exodus,7
School of Piranha,Exodus,6
Scorched Earth,Tempest,1
Scorching Spear,Portal,3
Scorching Winds,Portal,1
Scoria Wurm,Urza's Saga,1
Scragnoth,Tempest,1
Scrap,Urza's Saga,3
Screeching Harpy,Tempest,1
Scrivener,Exodus,3
Scroll Rack,Tempest,1
Scryb Sprites,Fourth Edition,3
Sea Monster,Tempest,4
Sea Scryer,Mirage,1
Sea Serpent,Fourth Edition,2
Sealed Fate,Mirage,1
Searing Spear Askari,Mirage,4
Searing Touch,Tempest,1
Seasinger,Fallen Empires,1
Seasoned Marshal,Portal,1
Seasoned Marshal,Urza's Saga,1
Seedling Charm,Mirage,6
Seeds of Innocence,Mirage,1
Seeker of Skybreak,Tempest,1
Seeker,Fourth Edition,1
Seething Anger,Stronghold,3
Segmented Wurm,Tempest,2
Segovian Leviathan,Fourth Edition,1
Seismic Assault,Exodus,1
"Selenia, Dark Angel",Tempest,1
Selesnya Evangel,Ravnica: City of Guilds,1
Selesnya Sanctuary,Ravnica: City of Guilds,1
Selesnya Signet,Ravnica: City of Guilds,2
Serene Heart,Mirage,6
Serene Offering,Tempest,1
Serpent Warrior,Portal,5
Serpent Warrior,Stronghold,8
Serra Avatar,Urza's Saga,1
Serra Bestiary,Homelands,1
Serra Zealot,Urza's Saga,5
Serra's Embrace,Urza's Saga,1
Serra's Hymn,Urza's Saga,1
Serra's Liturgy,Urza's Saga,1
Serra's Sanctum,Urza's Saga,1
Servant of Volrath,Tempest,4
Severed Legion,Eighth Edition,1
Sewer Rats,Mirage,3
Shackles,Exodus,8
Shadow Guildmage,Mirage,11
Shadow Rider,Weatherlight,5
Shadow Rift,Tempest,1
Shadowbane,Mirage,2
Shadowstorm,Tempest,1
Shallow Grave,Mirage,1
Shaman en-Kor,Stronghold,1
Shanodin Dryads,Fourth Edition,1
Shanodin Dryads,Revised Edition,1
Shaper Guildmage,Mirage,5
Shard Phoenix,Stronghold,1
Shatter,Tempest,4
Shattered Crypt,Weatherlight,4
Shattering Pulse,Exodus,8
Shatterstorm,Fifth Edition,1
Shauku's Minion,Mirage,1
"Shauku, Endbringer",Mirage,1
Shield Mate,Exodus,10
Shield Wall,Fifth Edition,1
Shifting Wall,Stronghold,1
Shimian Night Stalker,Chronicles,1
Shimmer,Mirage,1
Shimmering Barrier,Urza's Saga,2
Shimmering Efreet,Visions,1
Shimmering Wings,Tempest,1
Shiv's Embrace,Urza's Saga,1
Shivan Gorge,Urza's Saga,1
Shivan Hellkite,Urza's Saga,1
Shivan Raptor,Urza's Saga,1
Shock,Ninth Edition,4
Shock,Stronghold,2
Shocker,Tempest,1
Show and Tell,Urza's Saga,1
Shower of Sparks,Urza's Saga,2
Sicken,Urza's Saga,4
Sidar Jabari,Mirage,1
Sift,Stronghold,3
Silent Attendant,Urza's Saga,2
Silver Wyvern,Stronghold,1
Sirocco,Mirage,1
Sisay's Ring,Visions,3
Sisters of the Flame,Fourth Edition,1
Skeletal Crocodile,Portal,5
Skeletal Snake,Portal,4
Skeleton Scavengers,Stronghold,1
Skirge Familiar,Urza's Saga,1
Skittering Skirge,Urza's Saga,1
Skulking Ghost,Mirage,3
Skull Catapult,Fifth Edition,1
Sky Diamond,Mirage,1
Sky Spirit,Tempest,1
Skyshaper,Exodus,2
Skyshroud Archer,Stronghold,6
Skyshroud Condor,Tempest,1
Skyshroud Elf,Tempest,1
Skyshroud Elite,Exodus,1
Skyshroud Falcon,Stronghold,6
Skyshroud Forest,Tempest,1
Skyshroud Ranger,Tempest,1
Skyshroud Troll,Tempest,4
Skyshroud Troopers,Stronghold,7
Skyshroud Vampire,Tempest,3
Skyshroud War Beast,Exodus,1
Slaughter,Exodus,1
Sleeper Agent,Urza's Saga,1
Slippery Karst,Urza's Saga,1
Sliver Queen,Stronghold,1
Smite,Stronghold,9
Smokestack,Urza's Saga,1
Smoldering Crater,Urza's Saga,1
Snapping Drake,Portal,7
Sneak Attack,Urza's Saga,1
Snow Devil,Ice Age,1
Soar,Mirage,8
Soldevi Adnate (B),Alliances,1
Soldevi Sentry (A),Alliances,2
Solfatara,Visions,7
Soltari Champion,Stronghold,1
Soltari Crusader,Tempest,1
Soltari Emissary,Tempest,1
Soltari Foot Soldier,Tempest,1
Soltari Guerrillas,Tempest,1
Soltari Lancer,Tempest,1
Soltari Monk,Tempest,1
Soltari Priest,Tempest,1
Soltari Trooper,Tempest,2
Soltari Visionary,Exodus,5
Somnophore,Urza's Saga,1
Song of Blood,Visions,5
Song of Serenity,Exodus,1
Songstitcher,Urza's Saga,1
Sonic Burst,Exodus,1
Sorcerous Sight,Portal,2
Soul Barrier,Fifth Edition,1
Soul Echo,Mirage,1
Soul Exchange,Fallen Empires,2
Soul Kiss,Ice Age,1
Soul Rend,Mirage,1
Soul Sculptor,Urza's Saga,1
Soul Shepherd,Weatherlight,5
Soul Shred,Portal,5
Soul Warden,Exodus,5
Souldrinker,Tempest,1
Soulshriek,Mirage,8
Spatial Binding,Mirage,1
Spectral Guardian,Mirage,1
Spell Blast,Tempest,1
Spellbook,Exodus,2
Spellshock,Exodus,1
Sphere of Resistance,Exodus,1
Spider Climb,Visions,4
Spike Breeder,Stronghold,1
Spike Cannibal,Exodus,1
Spike Colony,Stronghold,5
Spike Drone,Tempest,2
Spike Feeder,Stronghold,1
Spike Hatcher,Exodus,1
Spike Rogue,Exodus,1
Spike Soldier,Stronghold,1
Spike Weaver,Exodus,1
Spike Worker,Stronghold,5
Spinal Graft,Tempest,1
Spindrift Drake,Stronghold,3
Spined Fluke,Urza's Saga,1
Spined Sliver,Stronghold,1
Spined Wurm,Portal,7
Spined Wurm,Stronghold,4
Spinning Darkness,Weatherlight,5
Spire Golem,Darksteel,4
Spire Owl,Urza's Saga,1
Spirit en-Kor,Stronghold,3
Spirit Mirror,Tempest,1
Spirit of the Night,Mirage,1
Spitting Earth,Mirage,4
Spitting Earth,Portal,6
Spitting Hydra,Stronghold,1
Spontaneous Combustion,Tempest,1
Sporogenesis,Urza's Saga,1
Spotted Griffin,Portal,5
Spreading Algae,Urza's Saga,1
Squee's Toy,Tempest,1
Stalking Stones,Tempest,1
Stalking Tiger,Mirage,2
Stalking Tiger,Portal,1
Standing Troops,Exodus,7
Starke of Rath,Tempest,1
Starlit Angel,Portal,2
Static Orb,Tempest,1
Staunch Defenders,Tempest,1
Steadfastness,Portal,3
Steal Enchantment,Tempest,1
Steam Blast,Urza's Saga,1
Stench of Decay (A),Alliances,3
Stern Proctor,Urza's Saga,1
Stinging Licid,Tempest,1
Stone Giant,Fifth Edition,1
Stone Rain,Mirage,1
Stone Rain,Portal,4
Stone Rain,Tempest,1
Storm Crow (A),Alliances,1
Storm Crow,Portal,1
Storm Elemental,Alliances,1
Storm Front,Tempest,1
Striped Bears,Weatherlight,7
Stroke of Genius,Urza's Saga,1
Stromgald Spy,Alliances,1
Stronghold Assassin,Stronghold,1
Stronghold Taskmaster,Stronghold,1
Stun,Tempest,4
Stupor,Mirage,1
Subterranean Spirit,Mirage,1
Sudden Impact,Tempest,1
Suffocation,Alliances,1
Sulfuric Vapors,Urza's Saga,1
Summer Bloom,Portal,1
Sunder,Urza's Saga,1
Sunweb,Mirage,1
Superior Numbers,Mirage,1
Suq'Ata Firewalker,Mirage,1
Suq'Ata Lancer,Visions,8
Survival of the Fittest,Exodus,1
Svyelunite Priest,Fallen Empires,1
Svyelunite Temple,Fifth Edition,1
Swamp (339),Urza's Saga,3
Swamp (340),Urza's Saga,3
Swamp (341),Urza's Saga,4
Swamp (342),Urza's Saga,4
Swamp (A),Mirage,1
Swamp (A),Revised Edition,7
Swamp (A),Tempest,1
Swamp (B),Fourth Edition,1
Swamp (B),Mirage,1
Swamp (B),Revised Edition,6
Swamp (B),Tempest,1
Swamp (C),Mirage,1
Swamp (C),Revised Edition,1
Swamp (C),Tempest,1
Swamp (D),Mirage,1
Swamp (D),Tempest,1
Sword of the Chosen,Stronghold,1
Sylvan Hierophant,Weatherlight,1
Sylvan Tutor,Portal,1
Symbiosis,Urza's Saga,4
Symbol of Unsummoning,Portal,5
Tahngarth's Rage,Tempest,1
Tainted Aether,Urza's Saga,1
Tainted Specter,Mirage,1
Talon Sliver,Tempest,4
Talruum Champion,Visions,10
Talruum Minotaur,Mirage,5
Talruum Piper,Visions,3
Tanglebloom,Mirrodin,3
Taniwha,Mirage,1
Taste of Paradise (B),Alliances,1
Taunt,Portal,1
Tawnos's Weaponry,Fifth Edition,1
Teeka's Dragon,Mirage,1
Teferi's Curse,Mirage,5
Teferi's Drake,Mirage,5
Teferi's Honor Guard,Visions,3
Teferi's Imp,Mirage,1
Teferi's Isle,Mirage,1
Teferi's Veil,Weatherlight,1
Telepathy,Urza's Saga,1
Telethopter,Tempest,1
Telim'Tor's Darts,Mirage,1
Telim'Tor's Edict,Mirage,1
Telim'Tor,Mirage,1
Temper,Stronghold,1
Temporal Aperture,Urza's Saga,1
Tempting Licid,Stronghold,3
Tendrils of Despair,Weatherlight,4
Teremko Griffin,Mirage,5
Terror,Classic Sixth Edition,4
Terror,Revised Edition,1
Thalakos Deceiver,Stronghold,1
Thalakos Dreamsower,Tempest,1
Thalakos Drifters,Exodus,1
Thalakos Lowlands,Tempest,1
Thalakos Mistfolk,Tempest,3
Thalakos Scout,Exodus,8
Thalakos Seer,Tempest,3
Thalakos Sentry,Tempest,3
Thallid (Myrfors),Fallen Empires,1
The Brute,Fourth Edition,1
Theft of Dreams,Exodus,7
Theft of Dreams,Portal,2
Thelon's Chant,Fallen Empires,2
Thirst,Mirage,6
Thopter Squadron,Exodus,1
Thorn Thallid (Hudson),Fallen Empires,1
Thran Quarry,Urza's Saga,1
Thran Turbine,Urza's Saga,1
Thrull Surgeon,Exodus,7
Thumbscrews,Tempest,1
Thundering Giant,Urza's Saga,1
Thundering Wurm,Portal,2
Tidal Flats (B),Fallen Empires,1
Tidal Influence,Fallen Empires,2
Tidal Surge,Portal,1
Tidal Surge,Stronghold,6
Tidal Warrior,Stronghold,5
Tidal Wave,Mirage,2
Time Ebb,Portal,4
Time Ebb,Tempest,4
Time Spiral,Urza's Saga,1
Time Warp,Tempest,1
Titania's Boon,Urza's Saga,1
Titania's Chosen,Urza's Saga,1
Tolarian Academy,Urza's Saga,1
Tolarian Drake,Weatherlight,7
Tolarian Winds,Urza's Saga,3
Tombstone Stairwell,Mirage,1
Tooth and Claw,Tempest,1
Torch Song,Urza's Saga,1
Torment,Stronghold,7
Torrent of Lava,Mirage,1
Torture (A),Homelands,2
Torture Chamber,Tempest,1
Tortured Existence,Stronghold,3
Touch of Brilliance,Portal,4
Trained Armodon,Tempest,3
Tranquil Domain,Mirage,7
Tranquility,Tempest,2
Transluminant,Ravnica: City of Guilds,2
Transmogrifying Licid,Exodus,1
Treasure Hunter,Exodus,2
Treasure Trove,Exodus,1
Treefolk Seedlings,Urza's Saga,1
Treetop Defense,Portal,1
Treetop Rangers,Urza's Saga,1
Tremor,Visions,10
Tropical Storm,Mirage,1
Trumpeting Armodon,Tempest,1
Tundra Wolves,Fifth Edition,1
Tundra Wolves,Fourth Edition,1
Turnabout,Urza's Saga,1
Twiddle,Fourth Edition,1
Twitch,Tempest,3
Uktabi Efreet,Weatherlight,8
Uktabi Faerie,Mirage,7
Uktabi Wildcats,Mirage,1
Umbilicus,Urza's Saga,1
Undergrowth (A),Alliances,1
Undergrowth (B),Alliances,1
Undying Beast,Portal,6
Unerring Sling,Mirage,1
Unfulfilled Desires,Mirage,1
Unlikely Alliance,Alliances,1
Unnerve,Urza's Saga,1
Unseen Walker,Mirage,1
Unstable Mutation,Fourth Edition,1
Unstable Mutation,Revised Edition,2
Unstable Shapeshifter,Tempest,1
Unsummon,Fourth Edition,2
Unsummon,Revised Edition,1
Untamed Wilds,Portal,1
Unworthy Dead,Urza's Saga,3
Unyaro Bee Sting,Mirage,3
Unyaro Griffin,Mirage,1
Urborg Mindsucker,Visions,7
Urborg Panther,Mirage,4
Urza's Armor,Urza's Saga,1
Urza's Power Plant,Fifth Edition,1
Valorous Charge,Portal,1
Vampire Hounds,Exodus,7
Vampiric Embrace,Urza's Saga,1
Vampiric Feast,Portal,3
Vampiric Touch,Portal,7
Vampirism,Visions,1
Vanishing,Visions,10
Vaporous Djinn,Mirage,1
Vebulid,Urza's Saga,1
Vec Townships,Tempest,1
Veil of Birds,Urza's Saga,5
Veiled Apparition,Urza's Saga,1
Veiled Crocodile,Urza's Saga,1
Veiled Sentry,Urza's Saga,1
Veiled Serpent,Urza's Saga,5
Venerable Monk,Stronghold,7
Vengeance,Portal,3
Venom,Fifth Edition,1
Venomous Fangs,Urza's Saga,1
Ventifact Bottle,Mirage,1
Verdant Force,Tempest,1
Verdant Touch,Stronghold,1
Verdigris,Tempest,1
Vernal Bloom,Urza's Saga,1
Vhati il-Dal,Tempest,1
Viashino Fangtail,Ravnica: City of Guilds,2
Viashino Outrider,Urza's Saga,3
Viashino Runner,Urza's Saga,5
Viashino Sandswimmer,Urza's Saga,1
Viashino Warrior,Mirage,7
Viashino Weaponsmith,Urza's Saga,3
Victimize,Urza's Saga,1
Victual Sliver,Stronghold,1
Vigilant Martyr,Mirage,1
Vile Requiem,Urza's Saga,1
Village Elder,Mirage,4
Viridian Acolyte,Darksteel,1
Viridian Longbow,Mirrodin,3
Virtue's Ruin,Portal,2
Vision Charm,Visions,4
Visions,Fourth Edition,2
Vitalize,Weatherlight,2
Vitalizing Cascade,Mirage,1
Vodalian Knights,Fallen Empires,1
Vodalian Mage (Camp),Fallen Empires,1
Vodalian Mage (Poole),Fallen Empires,1
Vodalian Soldiers (Benson),Fallen Empires,1
Vodalian Soldiers (Ferguson),Fallen Empires,1
Voice of Grace,Urza's Saga,3
Voice of Law,Urza's Saga,1
Volcanic Dragon,Mirage,1
Volcanic Geyser,Mirage,1
Volcanic Hammer,Ninth Edition,4
Volcanic Hammer,Portal,4
Volrath's Curse,Tempest,1
Volrath's Dungeon,Exodus,1
Volrath's Gardens,Stronghold,1
Volrath's Laboratory,Stronghold,1
Volrath's Shapeshifter,Stronghold,1
Volrath's Stronghold,Stronghold,1
Voltaic Key,Urza's Saga,1
Volunteer Reserves,Weatherlight,2
Voodoo Doll,Chronicles,1
Vug Lizard,Urza's Saga,1
Waiting in the Weeds,Mirage,1
Wake of Vultures,Visions,3
Walking Dream,Stronghold,4
Wall of Blossoms,Stronghold,1
Wall of Brambles,Fourth Edition,1
Wall of Corpses,Mirage,5
Wall of Diffusion,Tempest,4
Wall of Essence,Stronghold,1
Wall of Granite,Portal,1
Wall of Junk,Urza's Saga,1
Wall of Nets,Exodus,1
Wall of Razors,Stronghold,1
Wall of Resistance,Mirage,3
Wall of Roots,Mirage,1
Wall of Souls,Stronghold,1
Wall of Spears,Fifth Edition,2
Wall of Spears,Fourth Edition,1
Wall of Stone,Fifth Edition,1
Wall of Tears,Stronghold,2
Wall of Vapor,Chronicles,2
Wall of Wonder,Chronicles,1
Wall of Wood,Fourth Edition,1
War Dance,Urza's Saga,1
War Mammoth,Fifth Edition,1
War Mammoth,Fourth Edition,1
Ward of Lights,Mirage,4
Warmth,Tempest,1
Warning,Ice Age,1
Warping Wurm,Mirage,1
Warrior Angel,Stronghold,1
Warrior en-Kor,Stronghold,1
Warrior's Charge (A),Portal,6
Warrior's Honor,Visions,4
Warthog,Visions,8
Wasteland,Tempest,1
Watchdog,Tempest,1
Wave Elemental,Mirage,2
Waylay,Urza's Saga,1
Wayward Soul,Exodus,6
Weakness,Revised Edition,4
Welkin Hawk,Exodus,4
Wellspring,Mirage,1
Western Paladin,Urza's Saga,1
Whetstone,Urza's Saga,1
Whim of Volrath,Tempest,1
Whiptail Wurm,Portal,2
Whiptongue Frog,Exodus,9
Whirlwind,Urza's Saga,1
Whispers of the Muse,Tempest,1
White Ward,Fourth Edition,1
Wicked Pact,Portal,1
Wicked Reward,Visions,6
Wild Dogs,Urza's Saga,1
Wild Elephant,Mirage,7
Wild Growth,Fifth Edition,1
Wild Growth,Revised Edition,1
Wild Wurm,Tempest,2
Wildfire Emissary,Mirage,2
Wildfire,Urza's Saga,1
Willow Dryad,Portal,4
Willow Faerie (A),Homelands,1
Wind Dancer,Tempest,1
Wind Drake,Portal,2
Wind Drake,Tempest,3
Wind Shear,Visions,2
Windfall,Urza's Saga,1
Winding Wurm,Urza's Saga,1
Windreaper Falcon,Mirage,2
Winds of Rath,Tempest,1
Winged Sliver,Tempest,3
Wings of Aesthir,Ice Age,1
Winter's Grasp,Portal,1
Winter's Grasp,Tempest,1
Witch Engine,Urza's Saga,1
Withering Boon,Mirage,1
Withering Gaze,Portal,1
Wizard Mentor,Urza's Saga,1
Wolverine Pack,Fifth Edition,1
Wood Elves,Exodus,5
Wood Sage,Tempest,1
Word of Binding,Fourth Edition,2
Workhorse,Exodus,1
Worldly Tutor,Mirage,1
Wormwood Treefolk,The Dark,1
Worn Powerstone,Urza's Saga,1
Worship,Urza's Saga,1
Worthy Cause,Tempest,2
Yare,Mirage,1
Yawgmoth's Edict,Urza's Saga,1
Yawgmoth's Will,Urza's Saga,1
Youthful Knight,Stronghold,8
Zealots en-Dal,Exodus,1
Zebra Unicorn,Mirage,1
Zephid's Embrace,Urza's Saga,1
Zephid,Urza's Saga,1
Zephyr Falcon,Fifth Edition,1
Zephyr Falcon,Fourth Edition,1
Zhalfirin Commander,Mirage,2
Zhalfirin Knight,Mirage,7
Zirilan of the Claw,Mirage,1
Zombie Cutthroat,Scourge,2
Zombie Mob,Mirage,1
Zombie Scavengers,Weatherlight,6
"Zuberi, Golden Feather",Mirage,1